{"epoch":20,"train_loss":0.012302081309838097,"test_accuracy":97.63,"llc":6.029608917940201,"_wandb":{"runtime":73},"_runtime":73,"_timestamp":1.76872763705245e+09,"_step":19}