{"_step":9,"epoch":10,"train_loss":0.0327656793901806,"test_accuracy":97.59,"llc":34.10640470075718,"_timestamp":1.768725713471021e+09,"_wandb":{"runtime":33},"_runtime":33}