{"train_loss":0.14295581665867046,"test_accuracy":95.37,"llc":16,"_timestamp":1.76872488314731e+09,"_step":9,"epoch":10,"_wandb":{"runtime":39},"_runtime":39}