{"_runtime":77,"_wandb":{"runtime":77},"test_accuracy":97.8,"llc":36.192401851919094,"_timestamp":1.768727917314379e+09,"_step":19,"epoch":20,"train_loss":0.15196346011020737}