{"test_accuracy":97.59,"_wandb":{"runtime":37},"_runtime":37,"llc":34.10640470075718,"_timestamp":1.76872512122464e+09,"_step":9,"epoch":10,"train_loss":0.0327656793901806}