{"llc":13.330896246075492,"_timestamp":1.768728400178826e+09,"_step":19,"epoch":20,"train_loss":0.04446980090283636,"_wandb":{"runtime":75},"_runtime":75,"test_accuracy":97.76}