{"_timestamp":1.768727529157059e+09,"_step":11,"epoch":12,"_wandb":{"runtime":43},"_runtime":43,"train_loss":0.015914133337980658,"test_accuracy":98.03,"llc":9.704511811912726}