{"loss":0.0327656793901806,"accuracy":97.59,"_wandb":{"runtime":36},"_runtime":36,"llc":34.10640470075718,"_timestamp":1.768725499469992e+09,"_step":9,"epoch":10}