{"llc":29.21607591586434,"_wandb":{"runtime":69},"_runtime":69,"_timestamp":1.768726172264388e+09,"_step":19,"epoch":20,"train_loss":0.038661367269786404,"test_accuracy":97.11}