{"_step":19,"epoch":20,"train_loss":0.038661367269786404,"_wandb":{"runtime":77},"_runtime":77,"test_accuracy":97.11,"llc":29.21607591586434,"_timestamp":1.76872634345435e+09}