{"train_loss":0.06015738021574422,"test_accuracy":97.1,"llc":40.48191123839581,"_timestamp":1.7687285897275891e+09,"_step":19,"epoch":20,"_runtime":76,"_wandb":{"runtime":76}}