{"test_accuracy":98.03,"_wandb":{"runtime":41},"_runtime":41,"llc":9.704511811912726,"_timestamp":1.768725798281641e+09,"_step":11,"epoch":12,"train_loss":0.015914133337980658}