{"_runtime":76,"_wandb":{"runtime":76},"train_loss":0.14340224124983683,"test_accuracy":96.8,"llc":60.718497270708916,"_timestamp":1.768728505933938e+09,"_step":19,"epoch":20}