{"llc":45.87534773515496,"_timestamp":1.768728275192269e+09,"_step":19,"_wandb":{"runtime":77},"_runtime":77,"epoch":20,"train_loss":0.14231490698863447,"test_accuracy":97.56}