{"train_loss":0.06496338646358518,"test_accuracy":98,"llc":17.676421367016548,"_wandb":{"runtime":34},"_runtime":34,"_timestamp":1.768728033383708e+09,"_step":8,"epoch":9}