{"_timestamp":1.768726423683029e+09,"_wandb":{"runtime":72},"_runtime":72,"_step":19,"epoch":20,"train_loss":0.012302081309838097,"test_accuracy":97.63,"llc":6.029608917940201}