{"llc":34.10640470075718,"_wandb":{"runtime":35},"_runtime":35,"_timestamp":1.76872507552327e+09,"_step":9,"epoch":10,"train_loss":0.0327656793901806,"test_accuracy":97.59}