{"_step":19,"epoch":20,"train_loss":0.012302081309838097,"test_accuracy":97.63,"llc":6.029608917940201,"_timestamp":1.768725971882237e+09,"_runtime":67,"_wandb":{"runtime":67}}